2019–20 Eredivisie,https://en.wikipedia.org/wiki/2019-20_FC_Emmen_season
2019–20 Eredivisie,https://en.wikipedia.org/wiki/2019-20_SC_Heerenveen_season
2019–20 Eredivisie,https://en.wikipedia.org/wiki/2019-20_Heracles_Almelo_season
2019–20 Eredivisie,https://en.wikipedia.org/wiki/2019-20_PEC_Zwolle_season
2019–20 Eredivisie,https://en.wikipedia.org/wiki/2019-20_Willem_II_(football_club)_season
2019–20 Belgian First Division A,https://en.wikipedia.org/wiki/2019-20_K.V._Oostende_season
2019–20 Belgian First Division A,https://en.wikipedia.org/wiki/2019-20_Royal_Excel_Mouscron_season
2019–20 Belgian First Division A,https://en.wikipedia.org/wiki/2019-20_Cercle_Brugge_K.S.V._season
2019–20 Belgian First Division A,https://en.wikipedia.org/wiki/2019-20_R._Charleroi_S.C._season
2019–20 Belgian First Division A,https://en.wikipedia.org/wiki/2019-20_K.A.S._Eupen_season
2019–20 Belgian First Division A,https://en.wikipedia.org/wiki/2019-20_Waasland-Beveren_season
2019–20 Belgian First Division A,https://en.wikipedia.org/wiki/2019-20_Waasland-Beveren_season
2019–20 Belgian First Division A,https://en.wikipedia.org/wiki/2019-20_Cercle_Brugge_K.S.V._season
2019–20 Belgian First Division A,https://en.wikipedia.org/wiki/2019-20_Sint-Truidense_V.V._season
2019–20 Belgian First Division A,https://en.wikipedia.org/wiki/2019-20_K.V._Oostende_season
2019–20 Belgian First Division A,https://en.wikipedia.org/wiki/2019-20_Sint-Truidense_V.V._season
2019–20 Belgian First Division A,https://en.wikipedia.org/wiki/2019-20_Royal_Excel_Mouscron_season
2019–20 Belgian First Division A,https://en.wikipedia.org/wiki/2019-20_Waasland-Beveren_season
2019–20 Belgian First Division A,https://en.wikipedia.org/wiki/2019-20_Royal_Excel_Mouscron_season
2019–20 Belgian First Division A,https://en.wikipedia.org/wiki/2019-20_K.V._Oostende_season
2019–20 Austrian Football Bundesliga,https://en.wikipedia.org/wiki/2019-20_FC_Admira_Wacker_M%C3%B6dling_season
2019–20 Austrian Football Bundesliga,https://en.wikipedia.org/wiki/2019-20_FK_Austria_Wien_season
2019–20 Austrian Football Bundesliga,https://en.wikipedia.org/wiki/2019-20_SC_Rheindorf_Altach_season
2019–20 Austrian Football Bundesliga,https://en.wikipedia.org/wiki/2019-20_SKN_St._P%C3%B6lten_season
2019–20 Austrian Football Bundesliga,https://en.wikipedia.org/wiki/2019-20_SK_Sturm_Graz_season
2019–20 Austrian Football Bundesliga,https://en.wikipedia.org/wiki/2019-20_SV_Mattersburg_season
2019–20 Austrian Football Bundesliga,https://en.wikipedia.org/wiki/2019-20_TSV_Hartberg_season
2019–20 Austrian Football Bundesliga,https://en.wikipedia.org/wiki/2019-20_Wolfsberger_AC_season
2019–20 Austrian Football Bundesliga,https://en.wikipedia.org/wiki/2019-20_WSG_Swarovski_Tirol_season
2019–20 La Liga,https://en.wikipedia.org/wiki/2019-20_Estadi_Ol%C3%ADmpic_Camilo_Cano_season
2019–20 La Liga,https://en.wikipedia.org/wiki/2019-20_Alfredo_di_St%C3%A9fano_Stadium_season
2019–20 Primeira Liga,https://en.wikipedia.org/wiki/2019-20_Belenenses_SAD_season
2019–20 Primeira Liga,https://en.wikipedia.org/wiki/2019-20_S.L._Benfica_season
2019–20 Primeira Liga,https://en.wikipedia.org/wiki/2019-20_Boavista_F.C._season
2019–20 Primeira Liga,https://en.wikipedia.org/wiki/2019-20_C.D._Aves_season
2019–20 Primeira Liga,https://en.wikipedia.org/wiki/2019-20_F.C._Famalic%C3%A3o_season
2019–20 Primeira Liga,https://en.wikipedia.org/wiki/2019-20_Gil_Vicente_F.C._season
2019–20 Primeira Liga,https://en.wikipedia.org/wiki/2019-20_C.S._Mar%C3%ADtimo_season
2019–20 Primeira Liga,https://en.wikipedia.org/wiki/2019-20_Moreirense_F.C._season
2019–20 Primeira Liga,https://en.wikipedia.org/wiki/2019-20_F.C._Pa%C3%A7os_de_Ferreira_season
2019–20 Primeira Liga,https://en.wikipedia.org/wiki/2019-20_Portimonense_S.C._season
2019–20 Primeira Liga,https://en.wikipedia.org/wiki/2019-20_Rio_Ave_F.C._season
2019–20 Primeira Liga,https://en.wikipedia.org/wiki/2019-20_C.D._Santa_Clara_season
2019–20 Primeira Liga,https://en.wikipedia.org/wiki/2019-20_C.D._Tondela_season
2019–20 Primeira Liga,https://en.wikipedia.org/wiki/2019-20_Vit%C3%B3ria_S.C._season
2019–20 Primeira Liga,https://en.wikipedia.org/wiki/2019-20_Vit%C3%B3ria_F.C._season
2019–20 Serie A,https://en.wikipedia.org/wiki/2019-20_Atalanta_B.C._season
2019–20 Serie A,https://en.wikipedia.org/wiki/2019-20_Bologna_F.C._1909_season
2019–20 Serie A,https://en.wikipedia.org/wiki/2019-20_Brescia_Calcio_season
2019–20 Serie A,https://en.wikipedia.org/wiki/2019-20_Cagliari_Calcio_season
2019–20 Serie A,https://en.wikipedia.org/wiki/2019-20_ACF_Fiorentina_season
2019–20 Serie A,https://en.wikipedia.org/wiki/2019-20_Genoa_C.F.C._season
2019–20 Serie A,https://en.wikipedia.org/wiki/2019-20_Hellas_Verona_F.C._season
2019–20 Serie A,https://en.wikipedia.org/wiki/2019-20_Inter_Milan_season
2019–20 Serie A,https://en.wikipedia.org/wiki/2019-20_Juventus_F.C._season
2019–20 Serie A,https://en.wikipedia.org/wiki/2019-20_S.S._Lazio_season
2019–20 Serie A,https://en.wikipedia.org/wiki/2019-20_US_Lecce_season
2019–20 Serie A,https://en.wikipedia.org/wiki/2019-20_S.S.C._Napoli_season
2019–20 Serie A,https://en.wikipedia.org/wiki/2019-20_Parma_Calcio_1913_season
2019–20 Serie A,https://en.wikipedia.org/wiki/2019-20_A.S._Roma_season
2019–20 Serie A,https://en.wikipedia.org/wiki/2019-20_U.C._Sampdoria_season
2019–20 Serie A,https://en.wikipedia.org/wiki/2019-20_U.S._Sassuolo_Calcio_season
2019–20 Serie A,https://en.wikipedia.org/wiki/2019-20_S.P.A.L._season
2019–20 Serie A,https://en.wikipedia.org/wiki/2019-20_Torino_F.C._season
2019–20 Serie A,https://en.wikipedia.org/wiki/2019-20_Udinese_Calcio_season
2019–20 Süper Lig,https://en.wikipedia.org/wiki/2019-20_Fenerbah%C3%A7e_S.K._(football)_season
2019–20 Süper Lig,https://en.wikipedia.org/wiki/2019-20_Galatasaray_S.K._(football)_season
2019–20 Premier League,https://en.wikipedia.org/wiki/2019-20_Watford_F.C._season
2019–20 Ukrainian Premier League,https://en.wikipedia.org/wiki/2019-20_SC_Dnipro-1_season
2019–20 Czech First League,https://en.wikipedia.org/wiki/2019-20_Bohemians_1905_season
2019–20 Czech First League,https://en.wikipedia.org/wiki/2019-20_SK_Dynamo_%C4%8Cesk%C3%A9_Bud%C4%9Bjovice_season
2019–20 Czech First League,https://en.wikipedia.org/wiki/2019-20_FK_Jablonec_season
2019–20 Czech First League,https://en.wikipedia.org/wiki/2019-20_MFK_Karvin%C3%A1_season
2019–20 Czech First League,https://en.wikipedia.org/wiki/2019-20_FC_Slovan_Liberec_season
2019–20 Czech First League,https://en.wikipedia.org/wiki/2019-20_FK_Mlad%C3%A1_Boleslav_season
2019–20 Czech First League,https://en.wikipedia.org/wiki/2019-20_SK_Sigma_Olomouc_season
2019–20 Czech First League,https://en.wikipedia.org/wiki/2019-20_SFC_Opava_season
2019–20 Czech First League,https://en.wikipedia.org/wiki/2019-20_FC_Ban%C3%ADk_Ostrava_season
2019–20 Czech First League,https://en.wikipedia.org/wiki/2019-20_1._FK_P%C5%99%C3%ADbram_season
2019–20 Czech First League,https://en.wikipedia.org/wiki/2019-20_1._FC_Slov%C3%A1cko_season
2019–20 Czech First League,https://en.wikipedia.org/wiki/2019-20_FK_Teplice_season
2019–20 Czech First League,https://en.wikipedia.org/wiki/2019-20_FC_Fastav_Zl%C3%ADn_season
2019–20 Scottish Premiership,https://en.wikipedia.org/wiki/2019-20_Aberdeen_F.C._season
2019–20 Scottish Premiership,https://en.wikipedia.org/wiki/2019-20_Hamilton_Academical_F.C._season
2019–20 Scottish Premiership,https://en.wikipedia.org/wiki/2019-20_Hibernian_F.C._season
2019–20 Scottish Premiership,https://en.wikipedia.org/wiki/2019-20_Livingston_F.C._season
2019–20 Scottish Premiership,https://en.wikipedia.org/wiki/2019-20_Ross_County_F.C._season
2019–20 Scottish Premiership,https://en.wikipedia.org/wiki/2019-20_St_Johnstone_F.C._season
2019–20 Danish Superliga,https://en.wikipedia.org/wiki/2019-20_AaB_Fodbold_season
2019–20 Danish Superliga,https://en.wikipedia.org/wiki/2019-20_Aarhus_Gymnastikforening_season
2019–20 Danish Superliga,https://en.wikipedia.org/wiki/2019-20_Esbjerg_fB_season
2019–20 Danish Superliga,https://en.wikipedia.org/wiki/2019-20_Hobro_IK_season
2019–20 Danish Superliga,https://en.wikipedia.org/wiki/2019-20_AC_Horsens_season
2019–20 Danish Superliga,https://en.wikipedia.org/wiki/2019-20_Lyngby_Boldklub_season
2019–20 Danish Superliga,https://en.wikipedia.org/wiki/2019-20_FC_Midtjylland_season
2019–20 Danish Superliga,https://en.wikipedia.org/wiki/2019-20_FC_Nordsj%C3%A6lland_season
2019–20 Danish Superliga,https://en.wikipedia.org/wiki/2019-20_Randers_FC_season
2019–20 Danish Superliga,https://en.wikipedia.org/wiki/2019-20_Silkeborg_IF_season
2019–20 Swiss Super League,https://en.wikipedia.org/wiki/2019-20_FC_Lugano_season
2019–20 Swiss Super League,https://en.wikipedia.org/wiki/2019-20_FC_Luzern_season
2019–20 Swiss Super League,https://en.wikipedia.org/wiki/2019-20_Neuch%C3%A2tel_Xamax_FCS_season
2019–20 Swiss Super League,https://en.wikipedia.org/wiki/2019-20_Servette_FC_season
2019–20 Swiss Super League,https://en.wikipedia.org/wiki/2019-20_FC_Sion_season
2019–20 Swiss Super League,https://en.wikipedia.org/wiki/2019-20_FC_St._Gallen_season
2019–20 Swiss Super League,https://en.wikipedia.org/wiki/2019-20_FC_Thun_season
2019–20 Swiss Super League,https://en.wikipedia.org/wiki/2019-20_FC_Z%C3%BCrich_season
2019–20 Cypriot First Division,https://en.wikipedia.org/wiki/2019-20_AEK_Larnaca_FC_season
2019–20 Cypriot First Division,https://en.wikipedia.org/wiki/2019-20_AEL_Limassol_season
2019–20 Cypriot First Division,https://en.wikipedia.org/wiki/2019-20_Anorthosis_Famagusta_FC_season
2019–20 Cypriot First Division,https://en.wikipedia.org/wiki/2019-20_APOEL_FC_season
2019–20 Cypriot First Division,https://en.wikipedia.org/wiki/2019-20_Apollon_Limassol_FC_season
2019–20 Cypriot First Division,https://en.wikipedia.org/wiki/2019-20_Doxa_Katokopias_FC_season
2019–20 Cypriot First Division,https://en.wikipedia.org/wiki/2019-20_Enosis_Neon_Paralimni_FC_season
2019–20 Cypriot First Division,https://en.wikipedia.org/wiki/2019-20_Ethnikos_Achna_FC_season
2019–20 Cypriot First Division,https://en.wikipedia.org/wiki/2019-20_Nea_Salamis_Famagusta_FC_season
2019–20 Cypriot First Division,https://en.wikipedia.org/wiki/2019-20_Olympiakos_Nicosia_season
2019–20 Cypriot First Division,https://en.wikipedia.org/wiki/2019-20_AC_Omonia_season
2019–20 Serbian SuperLiga,https://en.wikipedia.org/wiki/2019-20_Serbia_season
2019–20 Serbian SuperLiga,https://en.wikipedia.org/wiki/2019-20_Serbia_season
2019–20 Serbian SuperLiga,https://en.wikipedia.org/wiki/2019-20_Serbia_season
2019–20 Serbian SuperLiga,https://en.wikipedia.org/wiki/2019-20_Serbia_season
2019–20 Serbian SuperLiga,https://en.wikipedia.org/wiki/2019-20_North_Macedonia_season
2019–20 Serbian SuperLiga,https://en.wikipedia.org/wiki/2019-20_Serbia_season
2019–20 Serbian SuperLiga,https://en.wikipedia.org/wiki/2019-20_Serbia_season
2019–20 Serbian SuperLiga,https://en.wikipedia.org/wiki/2019-20_Serbia_season
2019–20 Serbian SuperLiga,https://en.wikipedia.org/wiki/2019-20_Serbia_season
2019–20 Serbian SuperLiga,https://en.wikipedia.org/wiki/2019-20_Montenegro_season
2019–20 Serbian SuperLiga,https://en.wikipedia.org/wiki/2019-20_Bosnia_and_Herzegovina_season
2019–20 Serbian SuperLiga,https://en.wikipedia.org/wiki/2019-20_Serbia_season
2019–20 Serbian SuperLiga,https://en.wikipedia.org/wiki/2019-20_Serbia_season
2019–20 Serbian SuperLiga,https://en.wikipedia.org/wiki/2019-20_Serbia_season
2019–20 Serbian SuperLiga,https://en.wikipedia.org/wiki/2019-20_Serbia_season
2019–20 Serbian SuperLiga,https://en.wikipedia.org/wiki/2019-20_Serbia_season
2019–20 Croatian First Football League,https://en.wikipedia.org/wiki/2019-20_HNK_Gorica_season
2019–20 Croatian First Football League,https://en.wikipedia.org/wiki/2019-20_NK_Inter_Zapre%C5%A1i%C4%87_season
2019–20 Croatian First Football League,https://en.wikipedia.org/wiki/2019-20_NK_Istra_1961_season
2019–20 Croatian First Football League,https://en.wikipedia.org/wiki/2019-20_NK_Lokomotiva_season
2019–20 Croatian First Football League,https://en.wikipedia.org/wiki/2019-20_NK_Osijek_season
2019–20 Croatian First Football League,https://en.wikipedia.org/wiki/2019-20_HNK_Rijeka_season
2019–20 Croatian First Football League,https://en.wikipedia.org/wiki/2019-20_NK_Slaven_Belupo_season
2019–20 Croatian First Football League,https://en.wikipedia.org/wiki/2019-20_NK_Vara%C5%BEdin_(2012)_season
2019 Allsvenskan,https://en.wikipedia.org/wiki/2019-20_AFC_Eskilstuna_season
2019 Allsvenskan,https://en.wikipedia.org/wiki/2019-20_AIK_Fotboll_season
2019 Allsvenskan,https://en.wikipedia.org/wiki/2019-20_BK_H%C3%A4cken_season
2019 Allsvenskan,https://en.wikipedia.org/wiki/2019-20_Djurg%C3%A5rdens_IF_Fotboll_season
2019 Allsvenskan,https://en.wikipedia.org/wiki/2019-20_Falkenbergs_FF_season
2019 Allsvenskan,https://en.wikipedia.org/wiki/2019-20_GIF_Sundsvall_season
2019 Allsvenskan,https://en.wikipedia.org/wiki/2019-20_Hammarby_Fotboll_season
2019 Allsvenskan,https://en.wikipedia.org/wiki/2019-20_Helsingborgs_IF_season
2019 Allsvenskan,https://en.wikipedia.org/wiki/2019-20_IF_Elfsborg_season
2019 Allsvenskan,https://en.wikipedia.org/wiki/2019-20_IFK_G%C3%B6teborg_season
2019 Allsvenskan,https://en.wikipedia.org/wiki/2019-20_IFK_Norrk%C3%B6ping_season
2019 Allsvenskan,https://en.wikipedia.org/wiki/2019-20_IK_Sirius_Fotboll_season
2019 Allsvenskan,https://en.wikipedia.org/wiki/2019-20_Kalmar_FF_season
2019 Allsvenskan,https://en.wikipedia.org/wiki/2019-20_Malm%C3%B6_FF_season
2019 Allsvenskan,https://en.wikipedia.org/wiki/2019-20_%C3%96rebro_SK_season
2019 Allsvenskan,https://en.wikipedia.org/wiki/2019-20_%C3%96stersunds_FK_season
2019–20 Super League Greece,https://en.wikipedia.org/wiki/2019-20_Athlitiki_Enosi_Larissa_F.C._season
2019–20 Super League Greece,https://en.wikipedia.org/wiki/2019-20_Asteras_Tripolis_F.C._season
2019–20 Super League Greece,https://en.wikipedia.org/wiki/2019-20_Atromitos_F.C._season
2019–20 Super League Greece,https://en.wikipedia.org/wiki/2019-20_PAS_Lamia_1964_season
2019–20 Super League Greece,https://en.wikipedia.org/wiki/2019-20_OFI_Crete_F.C._season
2019–20 Super League Greece,https://en.wikipedia.org/wiki/2019-20_Panathinaikos_F.C._season
2019–20 Super League Greece,https://en.wikipedia.org/wiki/2019-20_Panetolikos_F.C._season
2019–20 Super League Greece,https://en.wikipedia.org/wiki/2019-20_Panionios_F.C._season
2019–20 Super League Greece,https://en.wikipedia.org/wiki/2019-20_Volos_FC_season
2019–20 Super League Greece,https://en.wikipedia.org/wiki/2019-20_Xanthi_F.C._season
2019–20 Nemzeti Bajnokság I,https://en.wikipedia.org/wiki/2019-20_Paksi_FC_season
2019–20 Israeli Premier League,https://en.wikipedia.org/wiki/2019-20_Beitar_Jerusalem_F.C._season
2019–20 Israeli Premier League,https://en.wikipedia.org/wiki/2019-20_Bnei_Yehuda_Tel_Aviv_F.C._season
2019–20 Israeli Premier League,https://en.wikipedia.org/wiki/2019-20_F.C._Ashdod_season
2019–20 Israeli Premier League,https://en.wikipedia.org/wiki/2019-20_Hapoel_Be%27er_Sheva_F.C._season
2019–20 Israeli Premier League,https://en.wikipedia.org/wiki/2019-20_Hapoel_Hadera_F.C._season
2019–20 Israeli Premier League,https://en.wikipedia.org/wiki/2019-20_Hapoel_Kfar_Saba_F.C._season
2019–20 Israeli Premier League,https://en.wikipedia.org/wiki/2019-20_Hapoel_Ra%27anana_A.F.C._season
2019–20 Israeli Premier League,https://en.wikipedia.org/wiki/2019-20_Hapoel_Tel_Aviv_F.C._season
2019–20 Israeli Premier League,https://en.wikipedia.org/wiki/2019-20_Hapoel_Ironi_Kiryat_Shmona_F.C._season
2019–20 Israeli Premier League,https://en.wikipedia.org/wiki/2019-20_Maccabi_Netanya_F.C._season
2019–20 Israeli Premier League,https://en.wikipedia.org/wiki/2019-20_Sektzia_Nes_Tziona_F.C._season
2019 Eliteserien,https://en.wikipedia.org/wiki/2019-20_FK_Bod%C3%B8/Glimt_season
2019 Eliteserien,https://en.wikipedia.org/wiki/2019-20_SK_Brann_season
2019 Eliteserien,https://en.wikipedia.org/wiki/2019-20_FK_Haugesund_season
2019 Eliteserien,https://en.wikipedia.org/wiki/2019-20_Kristiansund_BK_season
2019 Eliteserien,https://en.wikipedia.org/wiki/2019-20_Lillestr%C3%B8m_SK_season
2019 Eliteserien,https://en.wikipedia.org/wiki/2019-20_Mj%C3%B8ndalen_IF_Fotball_season
2019 Eliteserien,https://en.wikipedia.org/wiki/2019-20_Molde_FK_season
2019 Eliteserien,https://en.wikipedia.org/wiki/2019-20_Odds_BK_season
2019 Eliteserien,https://en.wikipedia.org/wiki/2019-20_Ranheim_Fotball_season
2019 Eliteserien,https://en.wikipedia.org/wiki/2019-20_Rosenborg_BK_season
2019 Eliteserien,https://en.wikipedia.org/wiki/2019-20_Sarpsborg_08_FF_season
2019 Eliteserien,https://en.wikipedia.org/wiki/2019-20_Stab%C3%A6k_Fotball_season
2019 Eliteserien,https://en.wikipedia.org/wiki/2019-20_Str%C3%B8msgodset_Toppfotball_season
2019 Eliteserien,https://en.wikipedia.org/wiki/2019-20_Troms%C3%B8_IL_season
2019 Eliteserien,https://en.wikipedia.org/wiki/2019-20_Viking_FK_season
2019 Eliteserien,https://en.wikipedia.org/wiki/2019-20_V%C3%A5lerenga_Fotball_season
2019 Chilean Primera División,https://en.wikipedia.org/wiki/2019-20_Audax_Italiano_season
2019 Chilean Primera División,https://en.wikipedia.org/wiki/2019-20_C.D._Cobresal_season
2019 Chilean Primera División,https://en.wikipedia.org/wiki/2019-20_Colo-Colo_season
2019 Chilean Primera División,https://en.wikipedia.org/wiki/2019-20_Coquimbo_Unido_season
2019 Chilean Primera División,https://en.wikipedia.org/wiki/2019-20_Curic%C3%B3_Unido_season
2019 Chilean Primera División,https://en.wikipedia.org/wiki/2019-20_C.D._Antofagasta_season
2019 Chilean Primera División,https://en.wikipedia.org/wiki/2019-20_Deportes_Iquique_season
2019 Chilean Primera División,https://en.wikipedia.org/wiki/2019-20_Everton_de_Vi%C3%B1a_del_Mar_season
2019 Chilean Primera División,https://en.wikipedia.org/wiki/2019-20_Huachipato_season
2019 Chilean Primera División,https://en.wikipedia.org/wiki/2019-20_O%27Higgins_F.C._season
2019 Chilean Primera División,https://en.wikipedia.org/wiki/2019-20_Club_Deportivo_Palestino_season
2019 Chilean Primera División,https://en.wikipedia.org/wiki/2019-20_Uni%C3%B3n_Espa%C3%B1ola_season
2019 Chilean Primera División,https://en.wikipedia.org/wiki/2019-20_Uni%C3%B3n_La_Calera_season
2019 Chilean Primera División,https://en.wikipedia.org/wiki/2019-20_Club_Deportivo_Universidad_Cat%C3%B3lica_season
2019 Chilean Primera División,https://en.wikipedia.org/wiki/2019-20_Club_Universidad_de_Chile_season
2019 Chilean Primera División,https://en.wikipedia.org/wiki/2019-20_C.D._Universidad_de_Concepci%C3%B3n_season
2019 Categoría Primera A season,https://en.wikipedia.org/wiki/2019-20_Alianza_Petrolera_F.C._season
2019 Categoría Primera A season,https://en.wikipedia.org/wiki/2019-20_Am%C3%A9rica_de_Cali_season
2019 Categoría Primera A season,https://en.wikipedia.org/wiki/2019-20_Atl%C3%A9tico_Bucaramanga_season
2019 Categoría Primera A season,https://en.wikipedia.org/wiki/2019-20_Atl%C3%A9tico_Huila_season
2019 Categoría Primera A season,https://en.wikipedia.org/wiki/2019-20_Atl%C3%A9tico_Nacional_season
2019 Categoría Primera A season,https://en.wikipedia.org/wiki/2019-20_C%C3%BAcuta_Deportivo_season
2019 Categoría Primera A season,https://en.wikipedia.org/wiki/2019-20_Deportes_Tolima_season
2019 Categoría Primera A season,https://en.wikipedia.org/wiki/2019-20_Deportivo_Cali_season
2019 Categoría Primera A season,https://en.wikipedia.org/wiki/2019-20_Deportivo_Pasto_season
2019 Categoría Primera A season,https://en.wikipedia.org/wiki/2019-20_Envigado_F.C._season
2019 Categoría Primera A season,https://en.wikipedia.org/wiki/2019-20_Independiente_Medell%C3%ADn_season
2019 Categoría Primera A season,https://en.wikipedia.org/wiki/2019-20_Jaguares_de_C%C3%B3rdoba_season
2019 Categoría Primera A season,https://en.wikipedia.org/wiki/2019-20_Atl%C3%A9tico_Junior_season
2019 Categoría Primera A season,https://en.wikipedia.org/wiki/2019-20_La_Equidad_season
2019 Categoría Primera A season,https://en.wikipedia.org/wiki/2019-20_Millonarios_F.C._season
2019 Categoría Primera A season,https://en.wikipedia.org/wiki/2019-20_Once_Caldas_season
2019 Categoría Primera A season,https://en.wikipedia.org/wiki/2019-20_Patriotas_Boyac%C3%A1_season
2019 Categoría Primera A season,https://en.wikipedia.org/wiki/2019-20_Rionegro_%C3%81guilas_season
2019 Categoría Primera A season,https://en.wikipedia.org/wiki/2019-20_Independiente_Santa_Fe_season
2019 Categoría Primera A season,https://en.wikipedia.org/wiki/2019-20_Uni%C3%B3n_Magdalena_season
2019–20 Argentine Primera División,https://en.wikipedia.org/wiki/2019-20_Boca_Juniors_season
2019 Liga 1 (Peru),https://en.wikipedia.org/wiki/2019-20_Alianza_Lima_season
2019 Liga 1 (Peru),https://en.wikipedia.org/wiki/2019-20_Alianza_Universidad_season
2019 Liga 1 (Peru),https://en.wikipedia.org/wiki/2019-20_Ayacucho_FC_season
2019 Liga 1 (Peru),https://en.wikipedia.org/wiki/2019-20_Escuela_Municipal_Deportivo_Binacional_season
2019 Liga 1 (Peru),https://en.wikipedia.org/wiki/2019-20_Carlos_A._Mannucci_season
2019 Liga 1 (Peru),https://en.wikipedia.org/wiki/2019-20_Academia_Cantolao_season
2019 Liga 1 (Peru),https://en.wikipedia.org/wiki/2019-20_Deportivo_Municipal_season
2019 Liga 1 (Peru),https://en.wikipedia.org/wiki/2019-20_FBC_Melgar_season
2019 Liga 1 (Peru),https://en.wikipedia.org/wiki/2019-20_Molinos_El_Pirata_season
2019 Liga 1 (Peru),https://en.wikipedia.org/wiki/2019-20_Real_Garcilaso_season
2019 Liga 1 (Peru),https://en.wikipedia.org/wiki/2019-20_Sport_Boys_season
2019 Liga 1 (Peru),https://en.wikipedia.org/wiki/2019-20_Sport_Huancayo_season
2019 Liga 1 (Peru),https://en.wikipedia.org/wiki/2019-20_Sporting_Cristal_season
2019 Liga 1 (Peru),https://en.wikipedia.org/wiki/2019-20_Uni%C3%B3n_Comercio_season
2019 Liga 1 (Peru),https://en.wikipedia.org/wiki/2019-20_Club_Deportivo_Universidad_C%C3%A9sar_Vallejo_season
2019 Liga 1 (Peru),https://en.wikipedia.org/wiki/2019-20_Club_Deportivo_Universidad_de_San_Mart%C3%ADn_de_Porres_season
2019 Liga 1 (Peru),https://en.wikipedia.org/wiki/2019-20_Club_Universitario_de_Deportes_season
2019 Liga 1 (Peru),https://en.wikipedia.org/wiki/2019-20_Universidad_T%C3%A9cnica_de_Cajamarca_season
2019–20 Qatar Stars League,https://en.wikipedia.org/wiki/2019-20_Qatar_SC_season
2019–20 Qatar Stars League,https://en.wikipedia.org/wiki/2019-20_Umm_Salal_SC_season
2019–20 Qatar Stars League,https://en.wikipedia.org/wiki/2019-20_Al_Ahli_SC_(Doha)_season
2019–20 Qatar Stars League,https://en.wikipedia.org/wiki/2019-20_Al-Duhail_SC_season
2019–20 Qatar Stars League,https://en.wikipedia.org/wiki/2019-20_Al-Shahania_SC_season
2019–20 Ghana Premier League,https://en.wikipedia.org/wiki/2019-20_Accra_Great_Olympics_F.C._season
2019–20 Ghana Premier League,https://en.wikipedia.org/wiki/2019-20_King_Faisal_Babes_F.C._season
2019–20 Ghana Premier League,https://en.wikipedia.org/wiki/2019-20_Cape_Coast_Ebusua_Dwarfs_season
2019–20 Ghana Premier League,https://en.wikipedia.org/wiki/2019-20_Techiman_Eleven_Wonders_FC_season
2019–20 Ghana Premier League,https://en.wikipedia.org/wiki/2019-20_Karela_United_FC_season
2019–20 Ghana Premier League,https://en.wikipedia.org/wiki/2019-20_Asante_Kotoko_S.C._season
2019–20 Ghana Premier League,https://en.wikipedia.org/wiki/2019-20_Liberty_Professionals_F.C._season
2019–20 Ghana Premier League,https://en.wikipedia.org/wiki/2019-20_Bechem_United_F.C._season
2019–20 Ghana Premier League,https://en.wikipedia.org/wiki/2019-20_Accra_Hearts_of_Oak_S.C._season
2019–20 Ghana Premier League,https://en.wikipedia.org/wiki/2019-20_Aduana_Stars_F.C._season
2019–20 Ghana Premier League,https://en.wikipedia.org/wiki/2019-20_Dreams_F.C._(Ghana)_season
2019–20 Ghana Premier League,https://en.wikipedia.org/wiki/2019-20_International_Allies_F.C._season
2019–20 Ghana Premier League,https://en.wikipedia.org/wiki/2019-20_Ashanti_Gold_S.C._season
2019–20 Ghana Premier League,https://en.wikipedia.org/wiki/2019-20_Berekum_Chelsea_F.C._season
2019–20 Ghana Premier League,https://en.wikipedia.org/wiki/2019-20_West_African_Football_Academy_season
2019–20 Ghana Premier League,https://en.wikipedia.org/wiki/2019-20_Elmina_Sharks_F.C._season
2019–20 Ghana Premier League,https://en.wikipedia.org/wiki/2019-20_Legon_Cities_FC_season
2019–20 Ghana Premier League,https://en.wikipedia.org/wiki/2019-20_Medeama_S.C._season
2019 Chinese Super League,https://en.wikipedia.org/wiki/2019-20_Shanghai_SIPG_F.C._season
2019 Chinese Super League,https://en.wikipedia.org/wiki/2019-20_Guangzhou_Evergrande_Taobao_F.C._season
2019 Chinese Super League,https://en.wikipedia.org/wiki/2019-20_Shandong_Luneng_Taishan_F.C._season
2019 Chinese Super League,https://en.wikipedia.org/wiki/2019-20_Beijing_Sinobo_Guoan_F.C._season
2019 Chinese Super League,https://en.wikipedia.org/wiki/2019-20_Jiangsu_Suning_F.C._season
2019 Chinese Super League,https://en.wikipedia.org/wiki/2019-20_Hebei_China_Fortune_F.C._season
2019 Chinese Super League,https://en.wikipedia.org/wiki/2019-20_Shanghai_Greenland_Shenhua_F.C._season
2019 Chinese Super League,https://en.wikipedia.org/wiki/2019-20_Beijing_Renhe_F.C._season
2019 Chinese Super League,https://en.wikipedia.org/wiki/2019-20_Tianjin_Tianhai_F.C._season
2019 Chinese Super League,https://en.wikipedia.org/wiki/2019-20_Guangzhou_R%26F_F.C._season
2019 Chinese Super League,https://en.wikipedia.org/wiki/2019-20_Dalian_Yifang_F.C._season
2019 Chinese Super League,https://en.wikipedia.org/wiki/2019-20_Henan_Jianye_F.C._season
2019 Chinese Super League,https://en.wikipedia.org/wiki/2019-20_Chongqing_Dangdai_Lifan_F.C._season
2019 Chinese Super League,https://en.wikipedia.org/wiki/2019-20_Tianjin_TEDA_F.C._season
2019 Chinese Super League,https://en.wikipedia.org/wiki/2019-20_Wuhan_Zall_F.C._season
2019 Chinese Super League,https://en.wikipedia.org/wiki/2019-20_Shenzhen_F.C._season
2019–20 Tunisian Ligue Professionnelle 1,https://en.wikipedia.org/wiki/2019-20_AS_Soliman_season
2019–20 Tunisian Ligue Professionnelle 1,https://en.wikipedia.org/wiki/2019-20_Club_Africain_season
2019–20 Tunisian Ligue Professionnelle 1,https://en.wikipedia.org/wiki/2019-20_CA_Bizertin_season
2019–20 Tunisian Ligue Professionnelle 1,https://en.wikipedia.org/wiki/2019-20_CS_Chebba_season
2019–20 Tunisian Ligue Professionnelle 1,https://en.wikipedia.org/wiki/2019-20_CS_Hammam-Lif_season
2019–20 Tunisian Ligue Professionnelle 1,https://en.wikipedia.org/wiki/2019-20_CS_Sfaxien_season
2019–20 Tunisian Ligue Professionnelle 1,https://en.wikipedia.org/wiki/2019-20_ES_M%C3%A9tlaoui_season
2019–20 Tunisian Ligue Professionnelle 1,https://en.wikipedia.org/wiki/2019-20_%C3%89toile_Sportive_du_Sahel_season
2019–20 Tunisian Ligue Professionnelle 1,https://en.wikipedia.org/wiki/2019-20_JS_Kairouan_season
2019–20 Tunisian Ligue Professionnelle 1,https://en.wikipedia.org/wiki/2019-20_Stade_Tunisien_season
2019–20 Tunisian Ligue Professionnelle 1,https://en.wikipedia.org/wiki/2019-20_US_Ben_Guerdane_season
2019–20 Tunisian Ligue Professionnelle 1,https://en.wikipedia.org/wiki/2019-20_US_Monastir_(football)_season
2019–20 Tunisian Ligue Professionnelle 1,https://en.wikipedia.org/wiki/2019-20_US_Tataouine_season
2019–20 Indian Super League season,https://en.wikipedia.org/wiki/2019-20_ATK_(football_club)_season
2019–20 Indian Super League season,https://en.wikipedia.org/wiki/2019-20_Bengaluru_FC_season
2019–20 Saudi Professional League,https://en.wikipedia.org/wiki/2019-20_Ittihad_FC_season
2019–20 Saudi Professional League,https://en.wikipedia.org/wiki/2019-20_Al-Raed_FC_season
2019–20 Saudi Professional League,https://en.wikipedia.org/wiki/2019-20_Al-Shabab_FC_(Riyadh)_season
2019–20 Saudi Professional League,https://en.wikipedia.org/wiki/2019-20_Al-Taawoun_FC_season
2019–20 Saudi Professional League,https://en.wikipedia.org/wiki/2019-20_Al-Wehda_Club_(Mecca)_season
2019 Major League Soccer season,https://en.wikipedia.org/wiki/2019-20_Dick%27s_Sporting_Goods_Park_season
2019 Major League Soccer season,https://en.wikipedia.org/wiki/2019-20_Toyota_Stadium_(Texas)_season
2019 Major League Soccer season,https://en.wikipedia.org/wiki/2019-20_BBVA_Stadium_season
2019 Major League Soccer season,https://en.wikipedia.org/wiki/2019-20_Dignity_Health_Sports_Park_season
2019 Major League Soccer season,https://en.wikipedia.org/wiki/2019-20_Banc_of_California_Stadium_season
2019 Major League Soccer season,https://en.wikipedia.org/wiki/2019-20_Allianz_Field_season
2019 Major League Soccer season,https://en.wikipedia.org/wiki/2019-20_Providence_Park_season
2019 Major League Soccer season,https://en.wikipedia.org/wiki/2019-20_Rio_Tinto_Stadium_season
2019 Major League Soccer season,https://en.wikipedia.org/wiki/2019-20_Avaya_Stadium_season
2019 Major League Soccer season,https://en.wikipedia.org/wiki/2019-20_CenturyLink_Field_season
2019 Major League Soccer season,https://en.wikipedia.org/wiki/2019-20_Children%27s_Mercy_Park_season
2019 Major League Soccer season,https://en.wikipedia.org/wiki/2019-20_BC_Place_season
