2019-20 Ligue 1,https://en.wikipedia.org/wiki/2019%E2%80%9320_Amiens_SC_season
2019-20 Ligue 1,https://en.wikipedia.org/wiki/2019%E2%80%9320_Angers_SCO_season
2019-20 Ligue 1,https://en.wikipedia.org/wiki/2019%E2%80%9320_FC_Girondins_de_Bordeaux_season
2019-20 Ligue 1,https://en.wikipedia.org/wiki/2019%E2%80%9320_Stade_Brestois_29_season
2019-20 Ligue 1,https://en.wikipedia.org/wiki/2019%E2%80%9320_Dijon_FCO_season
2019-20 Ligue 1,https://en.wikipedia.org/wiki/2019%E2%80%9320_Lille_OSC_season
2019-20 Ligue 1,https://en.wikipedia.org/wiki/2019%E2%80%9320_Olympique_Lyonnais_season
2019-20 Ligue 1,https://en.wikipedia.org/wiki/2019%E2%80%9320_Olympique_de_Marseille_season
2019-20 Ligue 1,https://en.wikipedia.org/wiki/2019%E2%80%9320_FC_Metz_season
2019-20 Ligue 1,https://en.wikipedia.org/wiki/2019%E2%80%9320_AS_Monaco_FC_season
2019-20 Ligue 1,https://en.wikipedia.org/wiki/2019%E2%80%9320_Montpellier_HSC_season
2019-20 Ligue 1,https://en.wikipedia.org/wiki/2019%E2%80%9320_FC_Nantes_season
2019-20 Ligue 1,https://en.wikipedia.org/wiki/2019%E2%80%9320_OGC_Nice_season
2019-20 Ligue 1,https://en.wikipedia.org/wiki/2019%E2%80%9320_N%C3%AEmes_Olympique_season
2019-20 Ligue 1,https://en.wikipedia.org/wiki/2019%E2%80%9320_Paris_Saint-Germain_F.C._season
2019-20 Ligue 1,https://en.wikipedia.org/wiki/2019%E2%80%9320_Stade_de_Reims_season
2019-20 Ligue 1,https://en.wikipedia.org/wiki/2019%E2%80%9320_Stade_Rennais_F.C._season
2019-20 Ligue 1,https://en.wikipedia.org/wiki/2019%E2%80%9320_AS_Saint-%C3%89tienne_season
2019-20 Ligue 1,https://en.wikipedia.org/wiki/2019%E2%80%9320_RC_Strasbourg_season
2019-20 Ligue 1,https://en.wikipedia.org/wiki/2019%E2%80%9320_Toulouse_FC_season