Major League Soccer,https://en.wikipedia.org/wiki/2019_Atlanta_United_FC_season
Major League Soccer,https://en.wikipedia.org/wiki/2019_Chicago_Fire_season
Major League Soccer,https://en.wikipedia.org/wiki/2019_FC_Cincinnati_season
Major League Soccer,https://en.wikipedia.org/wiki/2019_Colorado_Rapids_season
Major League Soccer,https://en.wikipedia.org/wiki/2019_Columbus_Crew_SC_season
Major League Soccer,https://en.wikipedia.org/wiki/2019_D.C._United_season
Major League Soccer,https://en.wikipedia.org/wiki/2019_FC_Dallas_season
Major League Soccer,https://en.wikipedia.org/wiki/2019_Houston_Dynamo_season
Major League Soccer,https://en.wikipedia.org/wiki/2019_LA_Galaxy_season
Major League Soccer,https://en.wikipedia.org/wiki/2019_Los_Angeles_FC_season
Major League Soccer,https://en.wikipedia.org/wiki/2019_Minnesota_United_FC_season
Major League Soccer,https://en.wikipedia.org/wiki/2019_Montreal_Impact_season
Major League Soccer,https://en.wikipedia.org/wiki/2019_New_England_Revolution_season
Major League Soccer,https://en.wikipedia.org/wiki/2019_New_York_City_FC_season
Major League Soccer,https://en.wikipedia.org/wiki/2019_New_York_Red_Bulls_season
Major League Soccer,https://en.wikipedia.org/wiki/2019_Orlando_City_SC_season
Major League Soccer,https://en.wikipedia.org/wiki/2019_Philadelphia_Union_season
Major League Soccer,https://en.wikipedia.org/wiki/2019_Portland_Timbers_season
Major League Soccer,https://en.wikipedia.org/wiki/2019_Real_Salt_Lake_season
Major League Soccer,https://en.wikipedia.org/wiki/2019_San_Jose_Earthquakes_season
Major League Soccer,https://en.wikipedia.org/wiki/2019_Seattle_Sounders_FC_season
Major League Soccer,https://en.wikipedia.org/wiki/2019_Sporting_Kansas_City_season
Major League Soccer,https://en.wikipedia.org/wiki/2019_Toronto_FC_season
Major League Soccer,https://en.wikipedia.org/wiki/2019_Vancouver_Whitecaps_FC_season
2019 Chinese Super League,https://en.wikipedia.org/wiki/2019_Shanghai_SIPG_F.C._season
2019 Chinese Super League,https://en.wikipedia.org/wiki/2019_Guangzhou_Evergrande_Taobao_F.C._season
2019 Chinese Super League,https://en.wikipedia.org/wiki/2019_Shandong_Luneng_Taishan_F.C._season
2019 Chinese Super League,https://en.wikipedia.org/wiki/2019_Beijing_Sinobo_Guoan_F.C._season
2019 Chinese Super League,https://en.wikipedia.org/wiki/2019_Jiangsu_Suning_F.C._season
2019 Chinese Super League,https://en.wikipedia.org/wiki/2019_Hebei_China_Fortune_F.C._season
2019 Chinese Super League,https://en.wikipedia.org/wiki/2019_Shanghai_Greenland_Shenhua_F.C._season
2019 Chinese Super League,https://en.wikipedia.org/wiki/2019_Beijing_Renhe_F.C._season
2019 Chinese Super League,https://en.wikipedia.org/wiki/2019_Tianjin_Tianhai_F.C._season
2019 Chinese Super League,https://en.wikipedia.org/wiki/2019_Guangzhou_R%26F_F.C._season
2019 Chinese Super League,https://en.wikipedia.org/wiki/2019_Dalian_Yifang_F.C._season
2019 Chinese Super League,https://en.wikipedia.org/wiki/2019_Henan_Jianye_F.C._season
2019 Chinese Super League,https://en.wikipedia.org/wiki/2019_Chongqing_Dangdai_Lifan_F.C._season
2019 Chinese Super League,https://en.wikipedia.org/wiki/2019_Tianjin_TEDA_F.C._season
2019 Chinese Super League,https://en.wikipedia.org/wiki/2019_Wuhan_Zall_F.C._season
2019 Chinese Super League,https://en.wikipedia.org/wiki/2019_Shenzhen_F.C._season
2019 Eliteserien,https://en.wikipedia.org/wiki/2019_FK_Bod%C3%B8/Glimt_season
2019 Eliteserien,https://en.wikipedia.org/wiki/2019_SK_Brann_season
2019 Eliteserien,https://en.wikipedia.org/wiki/2019_FK_Haugesund_season
2019 Eliteserien,https://en.wikipedia.org/wiki/2019_Kristiansund_BK_season
2019 Eliteserien,https://en.wikipedia.org/wiki/2019_Lillestr%C3%B8m_SK_season
2019 Eliteserien,https://en.wikipedia.org/wiki/2019_Mj%C3%B8ndalen_IF_Fotball_season
2019 Eliteserien,https://en.wikipedia.org/wiki/2019_Molde_FK_season
2019 Eliteserien,https://en.wikipedia.org/wiki/2019_Odds_BK_season
2019 Eliteserien,https://en.wikipedia.org/wiki/2019_Ranheim_Fotball_season
2019 Eliteserien,https://en.wikipedia.org/wiki/2019_Rosenborg_BK_season
2019 Eliteserien,https://en.wikipedia.org/wiki/2019_Sarpsborg_08_FF_season
2019 Eliteserien,https://en.wikipedia.org/wiki/2019_Stab%C3%A6k_Fotball_season
2019 Eliteserien,https://en.wikipedia.org/wiki/2019_Str%C3%B8msgodset_Toppfotball_season
2019 Eliteserien,https://en.wikipedia.org/wiki/2019_Troms%C3%B8_IL_season
2019 Eliteserien,https://en.wikipedia.org/wiki/2019_Viking_FK_season
2019 Eliteserien,https://en.wikipedia.org/wiki/2019_V%C3%A5lerenga_Fotball_season
2019â€“20 Eredivisie,https://en.wikipedia.org/wiki/2019-20_PEC_Zwolle_season
2019â€“20 La Liga,https://en.wikipedia.org/wiki/2019-20_Estadi_Ol%C3%ADmpic_Camilo_Cano_season
2019â€“20 La Liga,https://en.wikipedia.org/wiki/2019-20_Alfredo_di_St%C3%A9fano_Stadium_season
2019â€“20 Serie A,https://en.wikipedia.org/wiki/2019-20_Atalanta_B.C._season
2019â€“20 Serie A,https://en.wikipedia.org/wiki/2019-20_Bologna_F.C._1909_season
2019â€“20 Serie A,https://en.wikipedia.org/wiki/2019-20_Brescia_Calcio_season
2019â€“20 Serie A,https://en.wikipedia.org/wiki/2019-20_Cagliari_Calcio_season
2019â€“20 Serie A,https://en.wikipedia.org/wiki/2019-20_ACF_Fiorentina_season
2019â€“20 Serie A,https://en.wikipedia.org/wiki/2019-20_Genoa_C.F.C._season
2019â€“20 Serie A,https://en.wikipedia.org/wiki/2019-20_Hellas_Verona_F.C._season
2019â€“20 Serie A,https://en.wikipedia.org/wiki/2019-20_Inter_Milan_season
2019â€“20 Serie A,https://en.wikipedia.org/wiki/2019-20_Juventus_F.C._season
2019â€“20 Serie A,https://en.wikipedia.org/wiki/2019-20_S.S._Lazio_season
2019â€“20 Serie A,https://en.wikipedia.org/wiki/2019-20_US_Lecce_season
2019â€“20 Serie A,https://en.wikipedia.org/wiki/2019-20_S.S.C._Napoli_season
2019â€“20 Serie A,https://en.wikipedia.org/wiki/2019-20_Parma_Calcio_1913_season
2019â€“20 Serie A,https://en.wikipedia.org/wiki/2019-20_A.S._Roma_season
2019â€“20 Serie A,https://en.wikipedia.org/wiki/2019-20_U.C._Sampdoria_season
2019â€“20 Serie A,https://en.wikipedia.org/wiki/2019-20_U.S._Sassuolo_Calcio_season
2019â€“20 Serie A,https://en.wikipedia.org/wiki/2019-20_S.P.A.L._season
2019â€“20 Serie A,https://en.wikipedia.org/wiki/2019-20_Torino_F.C._season
2019â€“20 Serie A,https://en.wikipedia.org/wiki/2019-20_Udinese_Calcio_season
Superlig,https://en.wikipedia.org/wiki/2019%E2%80%9320_Fenerbah%C3%A7e_S.K._season
Superlig,https://en.wikipedia.org/wiki/2019%E2%80%9320_Galatasaray_S.K._season
2019â€“20 Premier League,https://en.wikipedia.org/wiki/2019-20_Watford_F.C._season
2019â€“20 Scottish Premiership,https://en.wikipedia.org/wiki/2019-20_Aberdeen_F.C._season
2019â€“20 Scottish Premiership,https://en.wikipedia.org/wiki/2019-20_Hibernian_F.C._season
2019â€“20 Scottish Premiership,https://en.wikipedia.org/wiki/2019-20_Livingston_F.C._season
2019â€“20 Scottish Premiership,https://en.wikipedia.org/wiki/2019-20_Ross_County_F.C._season
2019â€“20 Scottish Premiership,https://en.wikipedia.org/wiki/2019-20_St_Johnstone_F.C._season