2019 Chilean Primera División,https://en.wikipedia.org/wiki/2019-20_Audax_Italiano_season
2019 Chilean Primera División,https://en.wikipedia.org/wiki/2019-20_C.D._Cobresal_season
2019 Chilean Primera División,https://en.wikipedia.org/wiki/2019-20_Colo-Colo_season
2019 Chilean Primera División,https://en.wikipedia.org/wiki/2019-20_Coquimbo_Unido_season
2019 Chilean Primera División,https://en.wikipedia.org/wiki/2019-20_Curic%C3%B3_Unido_season
2019 Chilean Primera División,https://en.wikipedia.org/wiki/2019-20_C.D._Antofagasta_season
2019 Chilean Primera División,https://en.wikipedia.org/wiki/2019-20_Deportes_Iquique_season
2019 Chilean Primera División,https://en.wikipedia.org/wiki/2019-20_Everton_de_Vi%C3%B1a_del_Mar_season
2019 Chilean Primera División,https://en.wikipedia.org/wiki/2019-20_Huachipato_season
2019 Chilean Primera División,https://en.wikipedia.org/wiki/2019-20_O%27Higgins_F.C._season
2019 Chilean Primera División,https://en.wikipedia.org/wiki/2019-20_Club_Deportivo_Palestino_season
2019 Chilean Primera División,https://en.wikipedia.org/wiki/2019-20_Uni%C3%B3n_Espa%C3%B1ola_season
2019 Chilean Primera División,https://en.wikipedia.org/wiki/2019-20_Uni%C3%B3n_La_Calera_season
2019 Chilean Primera División,https://en.wikipedia.org/wiki/2019-20_Club_Deportivo_Universidad_Cat%C3%B3lica_season
2019 Chilean Primera División,https://en.wikipedia.org/wiki/2019-20_Club_Universidad_de_Chile_season
2019 Chilean Primera División,https://en.wikipedia.org/wiki/2019-20_C.D._Universidad_de_Concepci%C3%B3n_season
2019–20 Cypriot First Division,https://en.wikipedia.org/wiki/2019-20_AEK_Larnaca_FC_season
2019–20 Cypriot First Division,https://en.wikipedia.org/wiki/2019-20_AEL_Limassol_season
2019–20 Cypriot First Division,https://en.wikipedia.org/wiki/2019-20_Anorthosis_Famagusta_FC_season
2019–20 Cypriot First Division,https://en.wikipedia.org/wiki/2019-20_APOEL_FC_season
2019–20 Cypriot First Division,https://en.wikipedia.org/wiki/2019-20_Apollon_Limassol_FC_season
2019–20 Cypriot First Division,https://en.wikipedia.org/wiki/2019-20_Doxa_Katokopias_FC_season
2019–20 Cypriot First Division,https://en.wikipedia.org/wiki/2019-20_Enosis_Neon_Paralimni_FC_season
2019–20 Cypriot First Division,https://en.wikipedia.org/wiki/2019-20_Ethnikos_Achna_FC_season
2019–20 Cypriot First Division,https://en.wikipedia.org/wiki/2019-20_Nea_Salamis_Famagusta_FC_season
2019–20 Cypriot First Division,https://en.wikipedia.org/wiki/2019-20_Olympiakos_Nicosia_season
2019–20 Cypriot First Division,https://en.wikipedia.org/wiki/2019-20_AC_Omonia_season
2019–20 Cypriot First Division,https://en.wikipedia.org/wiki/2019-20_Pafos_FC_season
2019–20 Serbian SuperLiga,https://en.wikipedia.org/wiki/2019-20_Serbia_season
2019–20 Serbian SuperLiga,https://en.wikipedia.org/wiki/2019-20_Serbia_season
2019–20 Serbian SuperLiga,https://en.wikipedia.org/wiki/2019-20_Serbia_season
2019–20 Serbian SuperLiga,https://en.wikipedia.org/wiki/2019-20_Serbia_season
2019–20 Serbian SuperLiga,https://en.wikipedia.org/wiki/2019-20_North_Macedonia_season
2019–20 Serbian SuperLiga,https://en.wikipedia.org/wiki/2019-20_Serbia_season
2019–20 Serbian SuperLiga,https://en.wikipedia.org/wiki/2019-20_Serbia_season
2019–20 Serbian SuperLiga,https://en.wikipedia.org/wiki/2019-20_Serbia_season
2019–20 Serbian SuperLiga,https://en.wikipedia.org/wiki/2019-20_Serbia_season
2019–20 Serbian SuperLiga,https://en.wikipedia.org/wiki/2019-20_Montenegro_season
2019–20 Serbian SuperLiga,https://en.wikipedia.org/wiki/2019-20_Bosnia_and_Herzegovina_season
2019–20 Serbian SuperLiga,https://en.wikipedia.org/wiki/2019-20_Serbia_season
2019–20 Serbian SuperLiga,https://en.wikipedia.org/wiki/2019-20_Serbia_season
2019–20 Serbian SuperLiga,https://en.wikipedia.org/wiki/2019-20_Serbia_season
2019–20 Serbian SuperLiga,https://en.wikipedia.org/wiki/2019-20_Serbia_season
2019–20 Serbian SuperLiga,https://en.wikipedia.org/wiki/2019-20_Serbia_season
2019 Categoría Primera A season,https://en.wikipedia.org/wiki/2019-20_Alianza_Petrolera_F.C._season
2019 Categoría Primera A season,https://en.wikipedia.org/wiki/2019-20_Am%C3%A9rica_de_Cali_season
2019 Categoría Primera A season,https://en.wikipedia.org/wiki/2019-20_Atl%C3%A9tico_Bucaramanga_season
2019 Categoría Primera A season,https://en.wikipedia.org/wiki/2019-20_Atl%C3%A9tico_Huila_season
2019 Categoría Primera A season,https://en.wikipedia.org/wiki/2019-20_Atl%C3%A9tico_Nacional_season
2019 Categoría Primera A season,https://en.wikipedia.org/wiki/2019-20_C%C3%BAcuta_Deportivo_season
2019 Categoría Primera A season,https://en.wikipedia.org/wiki/2019-20_Deportes_Tolima_season
2019 Categoría Primera A season,https://en.wikipedia.org/wiki/2019-20_Deportivo_Cali_season
2019 Categoría Primera A season,https://en.wikipedia.org/wiki/2019-20_Deportivo_Pasto_season
2019 Categoría Primera A season,https://en.wikipedia.org/wiki/2019-20_Envigado_F.C._season
2019 Categoría Primera A season,https://en.wikipedia.org/wiki/2019-20_Independiente_Medell%C3%ADn_season
2019 Categoría Primera A season,https://en.wikipedia.org/wiki/2019-20_Jaguares_de_C%C3%B3rdoba_season
2019 Categoría Primera A season,https://en.wikipedia.org/wiki/2019-20_Atl%C3%A9tico_Junior_season
2019 Categoría Primera A season,https://en.wikipedia.org/wiki/2019-20_La_Equidad_season
2019 Categoría Primera A season,https://en.wikipedia.org/wiki/2019-20_Millonarios_F.C._season
2019 Categoría Primera A season,https://en.wikipedia.org/wiki/2019-20_Once_Caldas_season
2019 Categoría Primera A season,https://en.wikipedia.org/wiki/2019-20_Patriotas_Boyac%C3%A1_season
2019 Categoría Primera A season,https://en.wikipedia.org/wiki/2019-20_Rionegro_%C3%81guilas_season
2019 Categoría Primera A season,https://en.wikipedia.org/wiki/2019-20_Independiente_Santa_Fe_season
2019 Categoría Primera A season,https://en.wikipedia.org/wiki/2019-20_Uni%C3%B3n_Magdalena_season
2019 Allsvenskan,https://en.wikipedia.org/wiki/2019-20_AFC_Eskilstuna_season
2019 Allsvenskan,https://en.wikipedia.org/wiki/2019-20_AIK_Fotboll_season
2019 Allsvenskan,https://en.wikipedia.org/wiki/2019-20_BK_H%C3%A4cken_season
2019 Allsvenskan,https://en.wikipedia.org/wiki/2019-20_Djurg%C3%A5rdens_IF_Fotboll_season
2019 Allsvenskan,https://en.wikipedia.org/wiki/2019-20_Falkenbergs_FF_season
2019 Allsvenskan,https://en.wikipedia.org/wiki/2019-20_GIF_Sundsvall_season
2019 Allsvenskan,https://en.wikipedia.org/wiki/2019-20_Hammarby_Fotboll_season
2019 Allsvenskan,https://en.wikipedia.org/wiki/2019-20_Helsingborgs_IF_season
2019 Allsvenskan,https://en.wikipedia.org/wiki/2019-20_IF_Elfsborg_season
2019 Allsvenskan,https://en.wikipedia.org/wiki/2019-20_IFK_G%C3%B6teborg_season
2019 Allsvenskan,https://en.wikipedia.org/wiki/2019-20_IFK_Norrk%C3%B6ping_season
2019 Allsvenskan,https://en.wikipedia.org/wiki/2019-20_IK_Sirius_Fotboll_season
2019 Allsvenskan,https://en.wikipedia.org/wiki/2019-20_Kalmar_FF_season
2019 Allsvenskan,https://en.wikipedia.org/wiki/2019-20_Malm%C3%B6_FF_season
2019 Allsvenskan,https://en.wikipedia.org/wiki/2019-20_%C3%96rebro_SK_season
2019 Allsvenskan,https://en.wikipedia.org/wiki/2019-20_%C3%96stersunds_FK_season
2019–20 Ghana Premier League,https://en.wikipedia.org/wiki/2019-20_Accra_Great_Olympics_F.C._season
2019–20 Ghana Premier League,https://en.wikipedia.org/wiki/2019-20_King_Faisal_Babes_F.C._season
2019–20 Ghana Premier League,https://en.wikipedia.org/wiki/2019-20_Cape_Coast_Ebusua_Dwarfs_season
2019–20 Ghana Premier League,https://en.wikipedia.org/wiki/2019-20_Techiman_Eleven_Wonders_FC_season
2019–20 Ghana Premier League,https://en.wikipedia.org/wiki/2019-20_Karela_United_FC_season
2019–20 Ghana Premier League,https://en.wikipedia.org/wiki/2019-20_Asante_Kotoko_S.C._season
2019–20 Ghana Premier League,https://en.wikipedia.org/wiki/2019-20_Liberty_Professionals_F.C._season
2019–20 Ghana Premier League,https://en.wikipedia.org/wiki/2019-20_Bechem_United_F.C._season
2019–20 Ghana Premier League,https://en.wikipedia.org/wiki/2019-20_Accra_Hearts_of_Oak_S.C._season
2019–20 Ghana Premier League,https://en.wikipedia.org/wiki/2019-20_Aduana_Stars_F.C._season
2019–20 Ghana Premier League,https://en.wikipedia.org/wiki/2019-20_Dreams_F.C._(Ghana)_season
2019–20 Ghana Premier League,https://en.wikipedia.org/wiki/2019-20_International_Allies_F.C._season
2019–20 Ghana Premier League,https://en.wikipedia.org/wiki/2019-20_Ashanti_Gold_S.C._season
2019–20 Ghana Premier League,https://en.wikipedia.org/wiki/2019-20_Berekum_Chelsea_F.C._season
2019–20 Ghana Premier League,https://en.wikipedia.org/wiki/2019-20_West_African_Football_Academy_season
2019–20 Ghana Premier League,https://en.wikipedia.org/wiki/2019-20_Elmina_Sharks_F.C._season
2019–20 Ghana Premier League,https://en.wikipedia.org/wiki/2019-20_Legon_Cities_FC_season
2019–20 Ghana Premier League,https://en.wikipedia.org/wiki/2019-20_Medeama_S.C._season
2019–20 Tunisian Ligue Professionnelle 1,https://en.wikipedia.org/wiki/2019-20_AS_Soliman_season
2019–20 Tunisian Ligue Professionnelle 1,https://en.wikipedia.org/wiki/2019-20_Club_Africain_season
2019–20 Tunisian Ligue Professionnelle 1,https://en.wikipedia.org/wiki/2019-20_CA_Bizertin_season
2019–20 Tunisian Ligue Professionnelle 1,https://en.wikipedia.org/wiki/2019-20_CS_Chebba_season
2019–20 Tunisian Ligue Professionnelle 1,https://en.wikipedia.org/wiki/2019-20_CS_Hammam-Lif_season
2019–20 Tunisian Ligue Professionnelle 1,https://en.wikipedia.org/wiki/2019-20_CS_Sfaxien_season
2019–20 Tunisian Ligue Professionnelle 1,https://en.wikipedia.org/wiki/2019-20_ES_M%C3%A9tlaoui_season
2019–20 Tunisian Ligue Professionnelle 1,https://en.wikipedia.org/wiki/2019-20_%C3%89toile_Sportive_du_Sahel_season
2019–20 Tunisian Ligue Professionnelle 1,https://en.wikipedia.org/wiki/2019-20_Esp%C3%A9rance_Sportive_de_Tunis_season
2019–20 Tunisian Ligue Professionnelle 1,https://en.wikipedia.org/wiki/2019-20_JS_Kairouan_season
2019–20 Tunisian Ligue Professionnelle 1,https://en.wikipedia.org/wiki/2019-20_Stade_Tunisien_season
2019–20 Tunisian Ligue Professionnelle 1,https://en.wikipedia.org/wiki/2019-20_US_Ben_Guerdane_season
2019–20 Tunisian Ligue Professionnelle 1,https://en.wikipedia.org/wiki/2019-20_US_Monastir_(football)_season
2019–20 Tunisian Ligue Professionnelle 1,https://en.wikipedia.org/wiki/2019-20_US_Tataouine_season
2019–20 Qatar Stars League,https://en.wikipedia.org/wiki/2019-20_Qatar_SC_season
2019–20 Qatar Stars League,https://en.wikipedia.org/wiki/2019-20_Umm_Salal_SC_season
2019–20 Qatar Stars League,https://en.wikipedia.org/wiki/2019-20_Al_Ahli_SC_(Doha)_season
2019–20 Qatar Stars League,https://en.wikipedia.org/wiki/2019-20_Al-Duhail_SC_season
2019–20 Qatar Stars League,https://en.wikipedia.org/wiki/2019-20_Al-Shahania_SC_season
