2019 Liga 1 (Peru),https://en.wikipedia.org/wiki/2019-20_Alianza_Lima_season
2019 Liga 1 (Peru),https://en.wikipedia.org/wiki/2019-20_Alianza_Universidad_season
2019 Liga 1 (Peru),https://en.wikipedia.org/wiki/2019-20_Ayacucho_FC_season
2019 Liga 1 (Peru),https://en.wikipedia.org/wiki/2019-20_Escuela_Municipal_Deportivo_Binacional_season
2019 Liga 1 (Peru),https://en.wikipedia.org/wiki/2019-20_Carlos_A._Mannucci_season
2019 Liga 1 (Peru),https://en.wikipedia.org/wiki/2019-20_Academia_Cantolao_season
2019 Liga 1 (Peru),https://en.wikipedia.org/wiki/2019-20_Deportivo_Municipal_season
2019 Liga 1 (Peru),https://en.wikipedia.org/wiki/2019-20_FBC_Melgar_season
2019 Liga 1 (Peru),https://en.wikipedia.org/wiki/2019-20_Molinos_El_Pirata_season
2019 Liga 1 (Peru),https://en.wikipedia.org/wiki/2019-20_Real_Garcilaso_season
2019 Liga 1 (Peru),https://en.wikipedia.org/wiki/2019-20_Sport_Boys_season
2019 Liga 1 (Peru),https://en.wikipedia.org/wiki/2019-20_Sport_Huancayo_season
2019 Liga 1 (Peru),https://en.wikipedia.org/wiki/2019-20_Sporting_Cristal_season
2019 Liga 1 (Peru),https://en.wikipedia.org/wiki/2019-20_Uni%C3%B3n_Comercio_season
2019 Liga 1 (Peru),https://en.wikipedia.org/wiki/2019-20_Club_Deportivo_Universidad_C%C3%A9sar_Vallejo_season
2019 Liga 1 (Peru),https://en.wikipedia.org/wiki/2019-20_Club_Deportivo_Universidad_de_San_Mart%C3%ADn_de_Porres_season
2019 Liga 1 (Peru),https://en.wikipedia.org/wiki/2019-20_Club_Universitario_de_Deportes_season
2019 Liga 1 (Peru),https://en.wikipedia.org/wiki/2019-20_Universidad_T%C3%A9cnica_de_Cajamarca_season
2019–20 Qatar Stars League,https://en.wikipedia.org/wiki/2019-20_Qatar_SC_season
2019–20 Qatar Stars League,https://en.wikipedia.org/wiki/2019-20_Umm_Salal_SC_season
2019–20 Qatar Stars League,https://en.wikipedia.org/wiki/2019-20_Al_Ahli_SC_(Doha)_season
2019–20 Qatar Stars League,https://en.wikipedia.org/wiki/2019-20_Al-Duhail_SC_season
2019–20 Qatar Stars League,https://en.wikipedia.org/wiki/2019-20_Al-Shahania_SC_season
2019–20 Ghana Premier League,https://en.wikipedia.org/wiki/2019-20_Accra_Great_Olympics_F.C._season
2019–20 Ghana Premier League,https://en.wikipedia.org/wiki/2019-20_King_Faisal_Babes_F.C._season
2019–20 Ghana Premier League,https://en.wikipedia.org/wiki/2019-20_Cape_Coast_Ebusua_Dwarfs_season
2019–20 Ghana Premier League,https://en.wikipedia.org/wiki/2019-20_Techiman_Eleven_Wonders_FC_season
2019–20 Ghana Premier League,https://en.wikipedia.org/wiki/2019-20_Karela_United_FC_season
2019–20 Ghana Premier League,https://en.wikipedia.org/wiki/2019-20_Asante_Kotoko_S.C._season
2019–20 Ghana Premier League,https://en.wikipedia.org/wiki/2019-20_Liberty_Professionals_F.C._season
2019–20 Ghana Premier League,https://en.wikipedia.org/wiki/2019-20_Bechem_United_F.C._season
2019–20 Ghana Premier League,https://en.wikipedia.org/wiki/2019-20_Accra_Hearts_of_Oak_S.C._season
2019–20 Ghana Premier League,https://en.wikipedia.org/wiki/2019-20_Aduana_Stars_F.C._season
2019–20 Ghana Premier League,https://en.wikipedia.org/wiki/2019-20_Dreams_F.C._(Ghana)_season
2019–20 Ghana Premier League,https://en.wikipedia.org/wiki/2019-20_International_Allies_F.C._season
2019–20 Ghana Premier League,https://en.wikipedia.org/wiki/2019-20_Ashanti_Gold_S.C._season
2019–20 Ghana Premier League,https://en.wikipedia.org/wiki/2019-20_Berekum_Chelsea_F.C._season
2019–20 Ghana Premier League,https://en.wikipedia.org/wiki/2019-20_West_African_Football_Academy_season
2019–20 Ghana Premier League,https://en.wikipedia.org/wiki/2019-20_Elmina_Sharks_F.C._season
2019–20 Ghana Premier League,https://en.wikipedia.org/wiki/2019-20_Legon_Cities_FC_season
2019–20 Ghana Premier League,https://en.wikipedia.org/wiki/2019-20_Medeama_S.C._season
2019 Chinese Super League,https://en.wikipedia.org/wiki/2019-20_Shanghai_SIPG_F.C._season
2019 Chinese Super League,https://en.wikipedia.org/wiki/2019-20_Guangzhou_Evergrande_Taobao_F.C._season
2019 Chinese Super League,https://en.wikipedia.org/wiki/2019-20_Shandong_Luneng_Taishan_F.C._season
2019 Chinese Super League,https://en.wikipedia.org/wiki/2019-20_Beijing_Sinobo_Guoan_F.C._season
2019 Chinese Super League,https://en.wikipedia.org/wiki/2019-20_Jiangsu_Suning_F.C._season
2019 Chinese Super League,https://en.wikipedia.org/wiki/2019-20_Hebei_China_Fortune_F.C._season
2019 Chinese Super League,https://en.wikipedia.org/wiki/2019-20_Shanghai_Greenland_Shenhua_F.C._season
2019 Chinese Super League,https://en.wikipedia.org/wiki/2019-20_Beijing_Renhe_F.C._season
2019 Chinese Super League,https://en.wikipedia.org/wiki/2019-20_Tianjin_Tianhai_F.C._season
2019 Chinese Super League,https://en.wikipedia.org/wiki/2019-20_Guangzhou_R%26F_F.C._season
2019 Chinese Super League,https://en.wikipedia.org/wiki/2019-20_Dalian_Yifang_F.C._season
2019 Chinese Super League,https://en.wikipedia.org/wiki/2019-20_Henan_Jianye_F.C._season
2019 Chinese Super League,https://en.wikipedia.org/wiki/2019-20_Chongqing_Dangdai_Lifan_F.C._season
2019 Chinese Super League,https://en.wikipedia.org/wiki/2019-20_Tianjin_TEDA_F.C._season
2019 Chinese Super League,https://en.wikipedia.org/wiki/2019-20_Wuhan_Zall_F.C._season
2019 Chinese Super League,https://en.wikipedia.org/wiki/2019-20_Shenzhen_F.C._season
2019–20 Tunisian Ligue Professionnelle 1,https://en.wikipedia.org/wiki/2019-20_AS_Soliman_season
2019–20 Tunisian Ligue Professionnelle 1,https://en.wikipedia.org/wiki/2019-20_Club_Africain_season
2019–20 Tunisian Ligue Professionnelle 1,https://en.wikipedia.org/wiki/2019-20_CA_Bizertin_season
2019–20 Tunisian Ligue Professionnelle 1,https://en.wikipedia.org/wiki/2019-20_CS_Chebba_season
2019–20 Tunisian Ligue Professionnelle 1,https://en.wikipedia.org/wiki/2019-20_CS_Hammam-Lif_season
2019–20 Tunisian Ligue Professionnelle 1,https://en.wikipedia.org/wiki/2019-20_CS_Sfaxien_season
2019–20 Tunisian Ligue Professionnelle 1,https://en.wikipedia.org/wiki/2019-20_ES_M%C3%A9tlaoui_season
2019–20 Tunisian Ligue Professionnelle 1,https://en.wikipedia.org/wiki/2019-20_%C3%89toile_Sportive_du_Sahel_season
2019–20 Tunisian Ligue Professionnelle 1,https://en.wikipedia.org/wiki/2019-20_Esp%C3%A9rance_Sportive_de_Tunis_season
2019–20 Tunisian Ligue Professionnelle 1,https://en.wikipedia.org/wiki/2019-20_JS_Kairouan_season
2019–20 Tunisian Ligue Professionnelle 1,https://en.wikipedia.org/wiki/2019-20_Stade_Tunisien_season
2019–20 Tunisian Ligue Professionnelle 1,https://en.wikipedia.org/wiki/2019-20_US_Ben_Guerdane_season
2019–20 Tunisian Ligue Professionnelle 1,https://en.wikipedia.org/wiki/2019-20_US_Monastir_(football)_season
2019–20 Tunisian Ligue Professionnelle 1,https://en.wikipedia.org/wiki/2019-20_US_Tataouine_season
2019–20 Indian Super League season,https://en.wikipedia.org/wiki/2019-20_ATK_(football_club)_season
2019–20 Indian Super League season,https://en.wikipedia.org/wiki/2019-20_Bengaluru_FC_season
2019–20 Indian Super League season,https://en.wikipedia.org/wiki/2019-20_Chennaiyin_FC_season
2019–20 Indian Super League season,https://en.wikipedia.org/wiki/2019-20_FC_Goa_season
2019–20 Indian Super League season,https://en.wikipedia.org/wiki/2019-20_Hyderabad_FC_season
2019–20 Indian Super League season,https://en.wikipedia.org/wiki/2019-20_Jamshedpur_FC_season
2019–20 Indian Super League season,https://en.wikipedia.org/wiki/2019-20_Kerala_Blasters_FC_season
2019–20 Indian Super League season,https://en.wikipedia.org/wiki/2019-20_Mumbai_City_FC_season
2019–20 Indian Super League season,https://en.wikipedia.org/wiki/2019-20_NorthEast_United_FC_season
2019–20 Indian Super League season,https://en.wikipedia.org/wiki/2019-20_Odisha_FC_season
2019–20 Saudi Professional League,https://en.wikipedia.org/wiki/2019-20_Abha_Club_season
2019–20 Saudi Professional League,https://en.wikipedia.org/wiki/2019-20_Al-Adalah_F.C._season
2019–20 Saudi Professional League,https://en.wikipedia.org/wiki/2019-20_Al-Ahli_Saudi_FC_season
2019–20 Saudi Professional League,https://en.wikipedia.org/wiki/2019-20_Ettifaq_FC_season
2019–20 Saudi Professional League,https://en.wikipedia.org/wiki/2019-20_Al-Faisaly_FC_season
2019–20 Saudi Professional League,https://en.wikipedia.org/wiki/2019-20_Al-Fateh_SC_season
2019–20 Saudi Professional League,https://en.wikipedia.org/wiki/2019-20_Al-Fayha_FC_season
2019–20 Saudi Professional League,https://en.wikipedia.org/wiki/2019-20_Al-Hazem_F.C._season
2019–20 Saudi Professional League,https://en.wikipedia.org/wiki/2019-20_Al-Hilal_FC_season
2019–20 Saudi Professional League,https://en.wikipedia.org/wiki/2019-20_Ittihad_FC_season
2019–20 Saudi Professional League,https://en.wikipedia.org/wiki/2019-20_Al-Nassr_FC_season
2019–20 Saudi Professional League,https://en.wikipedia.org/wiki/2019-20_Al-Raed_FC_season
2019–20 Saudi Professional League,https://en.wikipedia.org/wiki/2019-20_Al-Shabab_FC_(Riyadh)_season
2019–20 Saudi Professional League,https://en.wikipedia.org/wiki/2019-20_Al-Taawoun_FC_season
2019–20 Saudi Professional League,https://en.wikipedia.org/wiki/2019-20_Al-Wehda_Club_(Mecca)_season
2019–20 Saudi Professional League,https://en.wikipedia.org/wiki/2019-20_Damac_F.C._season
2019–20 A-League,https://en.wikipedia.org/wiki/2019-20_Adelaide_United_FC_season
2019–20 A-League,https://en.wikipedia.org/wiki/2019-20_Brisbane_Roar_FC_season
2019–20 A-League,https://en.wikipedia.org/wiki/2019-20_Central_Coast_Mariners_FC_season
2019–20 A-League,https://en.wikipedia.org/wiki/2019-20_Melbourne_City_FC_season
2019–20 A-League,https://en.wikipedia.org/wiki/2019-20_Melbourne_Victory_FC_season
2019–20 A-League,https://en.wikipedia.org/wiki/2019-20_Newcastle_Jets_FC_season
2019–20 A-League,https://en.wikipedia.org/wiki/2019-20_Perth_Glory_FC_season
2019–20 A-League,https://en.wikipedia.org/wiki/2019-20_Sydney_FC_season
2019–20 A-League,https://en.wikipedia.org/wiki/2019-20_Wellington_Phoenix_FC_season
2019–20 A-League,https://en.wikipedia.org/wiki/2019-20_Western_Sydney_Wanderers_FC_season
2019–20 A-League,https://en.wikipedia.org/wiki/2019-20_Western_United_FC_season
2019 Major League Soccer season,https://en.wikipedia.org/wiki/2019-20_Dick%27s_Sporting_Goods_Park_season
2019 Major League Soccer season,https://en.wikipedia.org/wiki/2019-20_Toyota_Stadium_(Texas)_season
2019 Major League Soccer season,https://en.wikipedia.org/wiki/2019-20_BBVA_Stadium_season
2019 Major League Soccer season,https://en.wikipedia.org/wiki/2019-20_Dignity_Health_Sports_Park_season
2019 Major League Soccer season,https://en.wikipedia.org/wiki/2019-20_Banc_of_California_Stadium_season
2019 Major League Soccer season,https://en.wikipedia.org/wiki/2019-20_Allianz_Field_season
2019 Major League Soccer season,https://en.wikipedia.org/wiki/2019-20_Providence_Park_season
2019 Major League Soccer season,https://en.wikipedia.org/wiki/2019-20_Rio_Tinto_Stadium_season
2019 Major League Soccer season,https://en.wikipedia.org/wiki/2019-20_Avaya_Stadium_season
2019 Major League Soccer season,https://en.wikipedia.org/wiki/2019-20_CenturyLink_Field_season
2019 Major League Soccer season,https://en.wikipedia.org/wiki/2019-20_Children%27s_Mercy_Park_season
2019 Major League Soccer season,https://en.wikipedia.org/wiki/2019-20_BC_Place_season
